{
  "model": "ALO+DA",
  "accuracy": 0.9782703172533681,
  "macro_f1": 0.978301035799169,
  "top1": 0.9782703172533681,
  "top3": 0.9991308126901347,
  "num_classes": 10
}