{
  "model": "ALO+WOA",
  "accuracy": 0.9767492394611038,
  "macro_f1": 0.976822045063084,
  "top1": 0.9767492394611038,
  "top3": 0.9991308126901347,
  "num_classes": 10
}