{
  "model": "PSO+WOA",
  "accuracy": 0.9752281616688396,
  "macro_f1": 0.9752379841477369,
  "top1": 0.9752281616688396,
  "top3": 0.9973924380704041,
  "num_classes": 10
}