{
  "model": "ALO+PSO",
  "accuracy": 0.9526292916123424,
  "macro_f1": 0.9525521482062734,
  "top1": 0.9526292916123424,
  "top3": 0.9941329856584094,
  "num_classes": 10
}